component_id,batch_id,component_family,measurement_name,as_of_hour,last_observed_hour,n_observations,initial_value,current_value,delta,percent_change,slope,acceleration,variability,upper_limit,delta_fraction_of_limit,slope_fraction_per_hour,acceleration_fraction_per_hour2,variability_fraction_of_limit,limit_fraction,distance_to_upper_limit,distance_fraction_to_upper_limit,temperature_c,humidity_pct,test_condition,data_source,current_batch_robust_z,slope_batch_robust_z,initial_fraction_of_limit,measurement_temperature_c,voltage_stress_ratio,measurement_voltage_v,prior_storage_humidity_pct,initial_capacitance_fraction,current_capacitance_fraction,capacitance_change_fraction,initial_dissipation_factor_pct,current_dissipation_factor_pct,dissipation_factor_change_pct
SYN_accelerating_degradation_000,SYNTH_TEST_BATCH_1,MLCC_X7R,leakage_ua,24.0,24.0,2,0.1031286469912857,0.1562062781041661,0.0530776311128804,0.5146739791647361,0.0022115679630366814,0.0,0.0265388155564402,0.7,0.07582518730411486,0.0031593828043381166,0.0,0.03791259365205743,0.22315182586309443,0.5437937218958339,0.7768481741369055,,,,,4.05468317089786,2.392965717920639,0.14732663855897957,,,,,,,,,,
SYN_accelerating_degradation_001,SYNTH_TEST_BATCH_1,MLCC_X7R,leakage_ua,24.0,24.0,2,0.1055167401458345,0.1556095380058222,0.0500927978599877,0.47473792111805707,0.0020871999108328185,0.0,0.02504639892999385,0.7,0.07156113979998244,0.0029817141583325982,0.0,0.03578056989999122,0.22229934000831744,0.5443904619941777,0.7777006599916825,,,,,4.009329850494586,2.247039705927913,0.150738200208335,,,,,,,,,,
SYN_accelerating_degradation_002,SYNTH_TEST_BATCH_1,MLCC_X7R,leakage_ua,24.0,24.0,2,0.1028105832734406,0.1615583649969747,0.05874778172353411,0.5714176483882532,0.0024478242384805863,0.0,0.029373890861767053,0.7,0.08392540246219159,0.003496891769257981,0.0,0.04196270123109579,0.23079766428139245,0.5384416350030252,0.7692023357186075,,,,,4.461451397717812,2.670174659227137,0.14687226181920088,,,,,,,,,,
SYN_accelerating_degradation_003,SYNTH_TEST_BATCH_1,MLCC_X7R,leakage_ua,24.0,24.0,2,0.0996827289615712,0.1613405653136846,0.0616578363521134,0.6185408143860426,0.00256907651467139,0.0,0.0308289181760567,0.7,0.08808262336016201,0.003670109306673415,0.0,0.044041311680081005,0.2304865218766923,0.5386594346863154,0.7695134781233077,,,,,4.444898230187422,2.812444806552119,0.1424038985165303,,,,,,,,,,
SYN_accelerating_degradation_004,SYNTH_TEST_BATCH_1,MLCC_X7R,leakage_ua,24.0,24.0,2,0.1044130964857,0.1607637127921793,0.05635061630647929,0.5396891597233384,0.0023479423461033023,0.0,0.028175308153239646,0.7,0.08050088043782756,0.0033542033515761463,0.0,0.04025044021891378,0.22966244684597045,0.5392362872078207,0.7703375531540296,,,,,4.401056401381426,2.5529792383242516,0.14916156640814288,,,,,,,,,,
SYN_accelerating_degradation_005,SYNTH_TEST_BATCH_1,MLCC_X7R,leakage_ua,24.0,24.0,2,0.1018983448744285,0.1705030701329823,0.0686047252585538,0.6732663356121913,0.002858530219106407,0.0,0.0343023626292769,0.7,0.09800675036936257,0.004083614598723438,0.0,0.049003375184681286,0.24357581447568902,0.5294969298670177,0.756424185524311,,,,,5.141265070490937,3.152072419883924,0.14556906410632645,,,,,,,,,,
SYN_accelerating_degradation_006,SYNTH_TEST_BATCH_1,MLCC_X7R,leakage_ua,24.0,24.0,2,0.1146240869557283,0.1556713855204636,0.04104729856473531,0.3581036033079955,0.001710304106863971,0.0,0.020523649282367655,0.7,0.05863899794962187,0.0024432915812342445,0.0,0.029319498974810936,0.22238769360066232,0.5443286144795363,0.7776123063993376,,,,,4.0140303728081745,1.8048127783901833,0.16374869565104044,,,,,,,,,,
SYN_accelerating_degradation_007,SYNTH_TEST_BATCH_1,MLCC_X7R,leakage_ua,24.0,24.0,2,0.1041657017334216,0.1552838573445212,0.051118155611099586,0.4907388397566788,0.002129923150462481,0.0,0.025559077805549793,0.7,0.07302593658728512,0.0030427473578035448,0.0,0.03651296829364256,0.22183408192074458,0.5447161426554787,0.7781659180792554,,,,,3.984577534667097,2.297168592471435,0.14880814533345943,,,,,,,,,,
SYN_accelerating_degradation_008,SYNTH_TEST_BATCH_1,MLCC_X7R,leakage_ua,24.0,24.0,2,0.1012593277984508,0.1614487447067515,0.060189416908300694,0.5944086161435248,0.0025078923711791936,0.0,0.030094708454150347,0.7,0.08598488129757242,0.0035827033873988483,0.0,0.04299244064878621,0.23064106386678787,0.5385512552932484,0.769358936133212,,,,,4.453120058565322,2.7406550028300853,0.14465618256921545,,,,,,,,,,
SYN_accelerating_degradation_009,SYNTH_TEST_BATCH_1,MLCC_X7R,leakage_ua,24.0,24.0,2,0.0984628108089962,0.1583040537716783,0.059841242962682104,0.6077547702631156,0.002493385123445086,0.0,0.029920621481341052,0.7,0.08548748994668873,0.003561978747778695,0.0,0.042743744973344364,0.22614864824525474,0.5416959462283216,0.7738513517547452,,,,,4.214117893395834,2.7236330685847965,0.140661158298566,,,,,,,,,,
SYN_accelerating_degradation_010,SYNTH_TEST_BATCH_1,MLCC_X7R,leakage_ua,24.0,24.0,2,0.0933486614971742,0.1626805526281153,0.06933189113094108,0.7427197135873218,0.002888828797122544,0.0,0.03466594556547054,0.7,0.09904555875848726,0.004126898281603635,0.0,0.04952277937924363,0.23240078946873613,0.5373194473718846,0.7675992105312638,,,,,4.546739675359881,3.187622953808006,0.13335523071024888,,,,,,,,,,
SYN_accelerating_degradation_011,SYNTH_TEST_BATCH_1,MLCC_X7R,leakage_ua,24.0,24.0,2,0.1079693336372081,0.1504251787438111,0.04245584510660298,0.3932213312463379,0.0017689935461084555,0.0,0.02122792255330149,0.7,0.06065120729514712,0.002527133637297794,0.0,0.03032560364757356,0.21489311249115872,0.5495748212561888,0.7851068875088413,,,,,3.615309225186837,1.8736754457977138,0.15424190519601158,,,,,,,,,,
SYN_accelerating_degradation_012,SYNTH_TEST_BATCH_1,MLCC_X7R,leakage_ua,24.0,24.0,2,0.0957402590039116,0.1660200333791628,0.0702797743752512,0.7340671009922777,0.0029283239323021327,0.0,0.0351398871876256,0.7,0.10039967767893028,0.004183319903288761,0.0,0.05019983883946514,0.23717147625594687,0.5339799666208371,0.7628285237440531,,,,,4.8005462167723865,3.233964176234033,0.13677179857701657,,,,,,,,,,
SYN_accelerating_degradation_013,SYNTH_TEST_BATCH_1,MLCC_X7R,leakage_ua,24.0,24.0,2,0.1051344430362125,0.1662309300334992,0.0610964869972867,0.5811272237038687,0.002545686958220278,0.0,0.03054824349864335,0.7,0.08728069571040958,0.0036366956546003974,0.0,0.04364034785520479,0.23747275719071317,0.5337690699665008,0.7625272428092869,,,,,4.81657474169076,2.785000904081131,0.1501920614803036,,,,,,,,,,
SYN_accelerating_degradation_014,SYNTH_TEST_BATCH_1,MLCC_X7R,leakage_ua,24.0,24.0,2,0.0967601170911468,0.1532299384703756,0.056469821379228805,0.583606377057553,0.0023529092241345332,0.0,0.028234910689614402,0.7,0.0806711733988983,0.003361298891620762,0.0,0.04033558669944915,0.2188999121005366,0.5467700615296244,0.7811000878994634,,,,,3.8284760073187996,2.558807075058108,0.1382287387016383,,,,,,,,,,
SYN_accelerating_degradation_015,SYNTH_TEST_BATCH_1,MLCC_X7R,leakage_ua,24.0,24.0,2,0.0999998078925445,0.1693248272454015,0.06932501935285698,0.6932515253164353,0.0028885424730357057,0.0,0.03466250967642849,0.7,0.09903574193265284,0.004126489247193866,0.0,0.04951787096632642,0.24189261035057358,0.5306751727545984,0.7581073896494264,,,,,5.051716492572958,3.187286998300226,0.14285686841792072,,,,,,,,,,
SYN_accelerating_degradation_016,SYNTH_TEST_BATCH_1,MLCC_X7R,leakage_ua,24.0,24.0,2,0.097333228418413,0.1516158835852661,0.054282655166853086,0.5576991131281963,0.0022617772986188774,0.0,0.027141327583426543,0.7,0.07754665023836156,0.0032311104265983965,0.0,0.03877332511918078,0.216594119407523,0.5483841164147338,0.783405880592477,,,,,3.705804934005649,2.4518783403866102,0.13904746916916144,,,,,,,,,,
SYN_accelerating_degradation_017,SYNTH_TEST_BATCH_1,MLCC_X7R,leakage_ua,24.0,24.0,2,0.0958848218804516,0.1604477545481372,0.0645629326676856,0.6733384012349957,0.0026901221944868985,0.0,0.0322814663338428,0.7,0.09223276095383659,0.0038430317064098553,0.0,0.046116380476918295,0.2292110779259103,0.5395522454518628,0.7707889220740897,,,,,4.377043006746366,2.9544725460834207,0.13697831697207372,,,,,,,,,,
SYN_accelerating_degradation_018,SYNTH_TEST_BATCH_1,MLCC_X7R,leakage_ua,24.0,24.0,2,0.096844292121173,0.1580272788434774,0.06118298672230439,0.6317665747997966,0.0025492911134293483,0.0,0.030591493361152196,0.7,0.08740426674614914,0.0036418444477562123,0.0,0.04370213337307457,0.225753255490682,0.5419727211565226,0.7742467445093181,,,,,4.193082501215677,2.7892298036010845,0.13834898874453286,,,,,,,,,,
SYN_accelerating_degradation_019,SYNTH_TEST_BATCH_1,MLCC_X7R,leakage_ua,24.0,24.0,2,0.0987773705379562,0.1562254521839485,0.05744808164599231,0.5815915258031424,0.002393670068583011,0.0,0.028724040822996157,0.7,0.0820686880657033,0.0034195286694043013,0.0,0.04103434403285165,0.22317921740564076,0.5437745478160514,0.7768207825943592,,,,,4.056140435436012,2.606633404814179,0.14111052933993742,,,,,,,,,,
SYN_gradual_degradation_000,SYNTH_TEST_BATCH_1,MLCC_X7R,leakage_ua,24.0,24.0,2,0.1086408143299498,0.1311440422642832,0.02250322793433339,0.20713419788984186,0.0009376344972638895,0.0,0.011251613967166695,0.7,0.03214746847761913,0.0013394778532341278,0.0,0.016073734238809565,0.18734863180611885,0.5688559577357167,0.8126513681938811,,,,,2.149908185568193,0.8982086085983009,0.15520116332849973,,,,,,,,,,
SYN_gradual_degradation_001,SYNTH_TEST_BATCH_1,MLCC_X7R,leakage_ua,24.0,24.0,2,0.0926653512697051,0.1379639872242063,0.045298635954501204,0.48884114001422446,0.0018874431647708829,0.0,0.022649317977250602,0.7,0.06471233707785887,0.0026963473782441187,0.0,0.03235616853892943,0.19709141032029473,0.5620360127757936,0.8029085896797052,,,,,2.668236264674138,2.012657122901847,0.13237907324243586,,,,,,,,,,
SYN_gradual_degradation_002,SYNTH_TEST_BATCH_1,MLCC_X7R,leakage_ua,24.0,24.0,2,0.0922590481391534,0.1412178191745676,0.04895877103541421,0.530666335962736,0.002039948793142258,0.0,0.024479385517707106,0.7,0.06994110147916316,0.002914212561631797,0.0,0.03497055073958158,0.20173974167795372,0.5587821808254323,0.7982602583220462,,,,,2.9155333432393205,2.1915980788814426,0.13179864019879056,,,,,,,,,,
SYN_gradual_degradation_003,SYNTH_TEST_BATCH_1,MLCC_X7R,leakage_ua,24.0,24.0,2,0.1064785194488601,0.131389570579353,0.024911051130492898,0.23395377076460264,0.0010379604637705357,0.0,0.012455525565246449,0.7,0.03558721590070414,0.0014828006625293368,0.0,0.01779360795035207,0.18769938654193286,0.568610429420647,0.8123006134580671,,,,,2.168568778969475,1.0159250794459163,0.15211217064122873,,,,,,,,,,
SYN_gradual_degradation_004,SYNTH_TEST_BATCH_1,MLCC_X7R,leakage_ua,24.0,24.0,2,0.091760453510742,0.1396144982126692,0.047854044701927195,0.5215105513436148,0.001993918529246966,0.0,0.023927022350963598,0.7,0.06836292100275314,0.00284845504178138,0.0,0.03418146050137657,0.199449283160956,0.5603855017873307,0.8005507168390439,,,,,2.793678067389635,2.137588928443015,0.13108636215820285,,,,,,,,,,
SYN_gradual_degradation_005,SYNTH_TEST_BATCH_1,MLCC_X7R,leakage_ua,24.0,24.0,2,0.1024447635764802,0.143782358808264,0.041337595231783805,0.40351106087450916,0.0017223998013243251,0.0,0.020668797615891903,0.7,0.05905370747397687,0.002460571144749036,0.0,0.029526853736988434,0.20540336972609147,0.5562176411917359,0.7945966302739085,,,,,3.1104429664014273,1.819005140685837,0.1463496622521146,,,,,,,,,,
SYN_gradual_degradation_006,SYNTH_TEST_BATCH_1,MLCC_X7R,leakage_ua,24.0,24.0,2,0.0963419446834096,0.1382067928311413,0.041864848147731684,0.4345443543339742,0.001744368672822152,0.0,0.020932424073865842,0.7,0.05980692592533098,0.0024919552468887886,0.0,0.02990346296266549,0.197438275473059,0.5617932071688587,0.8025617245269411,,,,,2.686689927361789,1.8447820966552329,0.13763134954772802,,,,,,,,,,
SYN_gradual_degradation_007,SYNTH_TEST_BATCH_1,MLCC_X7R,leakage_ua,24.0,24.0,2,0.0974404149960432,0.1374899562034539,0.040049541207410694,0.4110157085131155,0.001668730883642111,0.0,0.020024770603705347,0.7,0.05721363029630099,0.0023839012623458732,0.0,0.028606815148150496,0.19641422314779128,0.562510043796546,0.8035857768522087,,,,,2.632209054796773,1.7560332521135709,0.13920059285149028,,,,,,,,,,
SYN_gradual_degradation_008,SYNTH_TEST_BATCH_1,MLCC_X7R,leakage_ua,24.0,24.0,2,0.109072262858646,0.1386154079901926,0.029543145131546586,0.2708584598619129,0.0012309643804811069,0.0,0.014771572565773293,0.7,0.04220449304506656,0.0017585205435444386,0.0,0.02110224652253328,0.19802201141456086,0.5613845920098074,0.8019779885854392,,,,,2.7177454141331983,1.242384297592899,0.1558175183694943,,,,,,,,,,
SYN_gradual_degradation_009,SYNTH_TEST_BATCH_1,MLCC_X7R,leakage_ua,24.0,24.0,2,0.1006135376600336,0.1334572358919631,0.032843698231929494,0.32643418565507704,0.0013684874263303938,0.0,0.016421849115964747,0.7,0.04691956890275642,0.0019549820376148484,0.0,0.02345978445137821,0.19065319413137585,0.5665427641080368,0.8093468058686241,,,,,2.325715060356953,1.4037455900008857,0.14373362522861943,,,,,,,,,,
SYN_gradual_degradation_010,SYNTH_TEST_BATCH_1,MLCC_X7R,leakage_ua,24.0,24.0,2,0.087783970886821,0.1292558410457992,0.041471870158978213,0.47243101149351613,0.0017279945899574243,0.0,0.020735935079489107,0.7,0.05924552879854031,0.002468563699939178,0.0,0.029622764399270154,0.18465120149399888,0.5707441589542007,0.8153487985060011,,,,,2.0064014980078664,1.8255697300534675,0.12540567269545858,,,,,,,,,,
SYN_gradual_degradation_011,SYNTH_TEST_BATCH_1,MLCC_X7R,leakage_ua,24.0,24.0,2,0.1055362759743466,0.1391588554974535,0.03362257952310689,0.31858789039779795,0.0014009408134627857,0.0,0.016811289761553445,0.7,0.048032256461581276,0.0020013440192325513,0.0,0.024016128230790638,0.19879836499636214,0.5608411445025465,0.801201635003638,,,,,2.759048401794939,1.4418244476814992,0.15076610853478087,,,,,,,,,,
SYN_gradual_degradation_012,SYNTH_TEST_BATCH_1,MLCC_X7R,leakage_ua,24.0,24.0,2,0.1050617658305581,0.1368925683118222,0.0318308024812641,0.3029722775895496,0.001326283436719337,0.0,0.01591540124063205,0.7,0.04547257497323444,0.0018946906238847673,0.0,0.02273628748661722,0.19556081187403174,0.5631074316881778,0.8044391881259683,,,,,2.5868065009389047,1.3542259602809577,0.15008823690079728,,,,,,,,,,
SYN_gradual_degradation_013,SYNTH_TEST_BATCH_1,MLCC_X7R,leakage_ua,24.0,24.0,2,0.0989770242149754,0.1366020682969532,0.03762504408197781,0.38013917250388574,0.001567710170082408,0.0,0.018812522040988905,0.7,0.05375006297425402,0.002239585957260583,0.0,0.02687503148712701,0.1951458118527903,0.5633979317030468,0.8048541881472097,,,,,2.564727977494488,1.637501606749673,0.1413957488785363,,,,,,,,,,
SYN_gradual_degradation_014,SYNTH_TEST_BATCH_1,MLCC_X7R,leakage_ua,24.0,24.0,2,0.0954639332977258,0.1269479565410609,0.03148402324333509,0.32980018899017144,0.0013118343018056287,0.0,0.015742011621667544,0.7,0.04497717606190727,0.0018740490025794697,0.0,0.022488588030953636,0.181354223630087,0.573052043458939,0.8186457763699129,,,,,1.830998126108385,1.3372722121331126,0.13637704756817973,,,,,,,,,,
SYN_gradual_degradation_015,SYNTH_TEST_BATCH_1,MLCC_X7R,leakage_ua,24.0,24.0,2,0.0986975608475643,0.1310749741009675,0.032377413253403195,0.32804674173670034,0.001349058885558465,0.0,0.016188706626701597,0.7,0.04625344750486171,0.0019272269793692359,0.0,0.023126723752430856,0.18724996300138214,0.5689250258990325,0.8127500369986179,,,,,2.1446588809727487,1.3809493057185016,0.14099651549652042,,,,,,,,,,
SYN_gradual_degradation_016,SYNTH_TEST_BATCH_1,MLCC_X7R,leakage_ua,24.0,24.0,2,0.0945620447857591,0.1394440937394599,0.04488204895370081,0.47463069411608133,0.0018700853730708674,0.0,0.022441024476850403,0.7,0.06411721279100116,0.0026715505329583823,0.0,0.03205860639550058,0.19920584819922843,0.5605559062605401,0.8007941518007716,,,,,2.780727021041216,1.9922905313624721,0.1350886354082273,,,,,,,,,,
SYN_gradual_degradation_017,SYNTH_TEST_BATCH_1,MLCC_X7R,leakage_ua,24.0,24.0,2,0.1004124715214185,0.1394311540984063,0.03901868257698782,0.3885840273204005,0.0016257784407078246,0.0,0.01950934128849391,0.7,0.0557409751099826,0.0023225406295826066,0.0,0.0278704875549913,0.19918736299772333,0.5605688459015936,0.8008126370022767,,,,,2.779743585055876,1.7056354321616163,0.14344638788774072,,,,,,,,,,
SYN_gradual_degradation_018,SYNTH_TEST_BATCH_1,MLCC_X7R,leakage_ua,24.0,24.0,2,0.0942122517643994,0.1387198682235429,0.0445076164591435,0.4724185615523297,0.0018544840191309774,0.0,0.02225380822957175,0.7,0.06358230922734787,0.002649262884472825,0.0,0.03179115461367393,0.19817124031934702,0.5612801317764571,0.801828759680653,,,,,2.725684579685648,1.97398483852744,0.13458893109199915,,,,,,,,,,
SYN_gradual_degradation_019,SYNTH_TEST_BATCH_1,MLCC_X7R,leakage_ua,24.0,24.0,2,0.0960492375001849,0.1397214726493995,0.04367223514921459,0.4546859119951943,0.0018196764645506062,0.0,0.021836117574607294,0.7,0.062388907356020845,0.0025995378065008664,0.0,0.031194453678010423,0.19960210378485643,0.5602785273506005,0.8003978962151436,,,,,2.8018083169194616,1.9331437419827524,0.1372131964288356,,,,,,,,,,
SYN_healthy_noisy_000,SYNTH_TEST_BATCH_1,MLCC_X7R,leakage_ua,24.0,24.0,2,0.0846661428206828,0.0936049707734577,0.008938827952774897,0.10557736132738128,0.00037245116469895287,0.0,0.0044694139763874485,0.7,0.012769754218249853,0.0005320730924270755,0.0,0.006384877109124927,0.1337213868192253,0.6063950292265423,0.8662786131807748,,,,,-0.7031287423837442,0.2350563898052639,0.12095163260097544,,,,,,,,,,
SYN_healthy_noisy_001,SYNTH_TEST_BATCH_1,MLCC_X7R,leakage_ua,24.0,24.0,2,0.1106801468116839,0.0986905116987461,-0.011989635112937796,-0.10832688118256198,-0.0004995681297057427,0.0,0.005994817556468898,0.7,-0.01712805016133971,-0.0007136687567224897,0.0,0.008564025080669856,0.140986445283923,0.6013094883012539,0.859013554716077,,,,,-0.3166184883407077,-0.7881187404492556,0.1581144954452627,,,,,,,,,,
SYN_healthy_noisy_002,SYNTH_TEST_BATCH_1,MLCC_X7R,leakage_ua,24.0,24.0,2,0.092162137408681,0.1094988032222117,0.017336665813530702,0.18811050070001648,0.0007223610755637787,0.0,0.008668332906765351,0.7,0.024766665447901005,0.001031944393662541,0.0,0.012383332723950502,0.15642686174601672,0.5905011967777882,0.8435731382539833,,,,,0.5048311005776984,0.6456196891768399,0.1316601962981157,,,,,,,,,,
SYN_healthy_noisy_003,SYNTH_TEST_BATCH_1,MLCC_X7R,leakage_ua,24.0,24.0,2,0.0833123194321814,0.0764857819033938,-0.006826537528787591,-0.08193911267042069,-0.0002844390636994835,0.0,0.0034132687643937953,0.7,-0.009752196469696559,-0.00040634151957069073,0.0,0.004876098234848279,0.10926540271913401,0.6235142180966061,0.8907345972808659,,,,,-2.0042178765359546,-0.5356991993394986,0.11901759918883058,,,,,,,,,,
SYN_healthy_noisy_004,SYNTH_TEST_BATCH_1,MLCC_X7R,leakage_ua,24.0,24.0,2,0.1081154996820757,0.0841062184919706,-0.024009281190105106,-0.22207066757964183,-0.0010003867162543805,0.0,0.012004640595052553,0.7,-0.03429897312872158,-0.0014291238803634007,0.0,0.01714948656436079,0.12015174070281515,0.6158937815080293,0.8798482592971848,,,,,-1.4250509943812044,-1.3757492273132028,0.15445071383153672,,,,,,,,,,
SYN_healthy_noisy_005,SYNTH_TEST_BATCH_1,MLCC_X7R,leakage_ua,24.0,24.0,2,0.0913983211365327,0.0943583409079321,0.002960019771399397,0.03238593154219603,0.00012333415714164096,0.0,0.0014800098856996985,0.7,0.00422859967342771,0.0001761916530594871,0.0,0.002114299836713855,0.13479762986847443,0.6056416590920679,0.8652023701315257,,,,,-0.6458712576162557,-0.05724256308668515,0.13056903019504673,,,,,,,,,,
SYN_healthy_noisy_006,SYNTH_TEST_BATCH_1,MLCC_X7R,leakage_ua,24.0,24.0,2,0.1280130246897811,0.1002155805032985,-0.027797444186482598,-0.21714543698850344,-0.0011582268411034422,0.0,0.013898722093241299,0.7,-0.039710634552118,-0.0016546097730049175,0.0,0.019855317276059,0.14316511500471216,0.5997844194967015,0.8568348849952878,,,,,-0.20071051714544483,-1.5609493614594074,0.18287574955683014,,,,,,,,,,
SYN_healthy_noisy_007,SYNTH_TEST_BATCH_1,MLCC_X7R,leakage_ua,24.0,24.0,2,0.1107146475370686,0.0850781695829024,-0.025636477954166195,-0.23155452800933854,-0.0010681865814235927,0.0,0.012818238977083098,0.7,-0.036623539934523136,-0.0015259808306051325,0.0,0.018311769967261568,0.12154024226128915,0.6149218304170976,0.8784597577387109,,,,,-1.3511809639178958,-1.4553015219939132,0.15816378219581229,,,,,,,,,,
SYN_healthy_noisy_008,SYNTH_TEST_BATCH_1,MLCC_X7R,leakage_ua,24.0,24.0,2,0.0987511549809286,0.093320933544829,-0.0054302214360996,-0.05498894101186276,-0.00022625922650415056,0.0,0.0027151107180498,0.7,-0.007757459194428,-0.0003232274664345008,0.0,0.003878729597214,0.13331561934975572,0.606679066455171,0.8666843806502443,,,,,-0.7247160824539125,-0.4674344684069568,0.14107307854418372,,,,,,,,,,
SYN_healthy_noisy_009,SYNTH_TEST_BATCH_1,MLCC_X7R,leakage_ua,24.0,24.0,2,0.1007308138541191,0.0986644935576525,-0.0020663202964665978,-0.020513289006669745,-8.609667901944273e-05,0.0,0.0010331601482332989,0.7,-0.0029518861378094257,-0.00012299525574206106,0.0,0.0014759430689047128,0.14094927651093214,0.6013355064423475,0.8590507234890679,,,,,-0.318595913844022,-0.3029761431156867,0.1439011626487416,,,,,,,,,,
SYN_healthy_noisy_010,SYNTH_TEST_BATCH_1,MLCC_X7R,leakage_ua,24.0,24.0,2,0.0849501080539898,0.0746937491341853,-0.01025635891980449,-0.12073391258414987,-0.0004273482883251879,0.0,0.005128179459902245,0.7,-0.014651941314006415,-0.0006104975547502685,0.0,0.007325970657003207,0.10670535590597902,0.6253062508658147,0.893294644094021,,,,,-2.1404155890420133,-0.70338031082316,0.12135729721998544,,,,,,,,,,
SYN_healthy_noisy_011,SYNTH_TEST_BATCH_1,MLCC_X7R,leakage_ua,24.0,24.0,2,0.0836004114171605,0.1044380664444005,0.02083765502724,0.2492530200989261,0.0008682356261349994,0.0,0.01041882751362,0.7,0.029768078610342856,0.001240336608764285,0.0,0.014884039305171428,0.149197237777715,0.5955619335555995,0.850802762222285,,,,,0.12020600634038897,0.8167801362440356,0.11942915916737215,,,,,,,,,,
SYN_healthy_noisy_012,SYNTH_TEST_BATCH_1,MLCC_X7R,leakage_ua,24.0,24.0,2,0.1036973268080545,0.0965700083333171,-0.00712731847473741,-0.06873194029321697,-0.00029697160311405933,0.0,0.003563659237368705,0.7,-0.010181883535339158,-0.0004242451473057991,0.0,0.005090941767669579,0.13795715476188158,0.6034299916666829,0.8620428452381185,,,,,-0.47778055674439446,-0.5504041292994285,0.14813903829722072,,,,,,,,,,
SYN_healthy_noisy_013,SYNTH_TEST_BATCH_1,MLCC_X7R,leakage_ua,24.0,24.0,2,0.0833723084201685,0.1065423814393081,0.023170073019139592,0.2779108970135526,0.000965419709130816,0.0,0.011585036509569796,0.7,0.033100104313056565,0.0013791710130440231,0.0,0.016550052156528283,0.15220340205615443,0.5934576185606919,0.8477965979438457,,,,,0.280137729478018,0.930810109452132,0.11910329774309787,,,,,,,,,,
SYN_healthy_noisy_014,SYNTH_TEST_BATCH_1,MLCC_X7R,leakage_ua,24.0,24.0,2,0.0914396951869794,0.1076035968944204,0.01616390170744099,0.176771167865208,0.000673495904476707,0.0,0.008081950853720495,0.7,0.023091288153487127,0.0009621370063952958,0.0,0.011545644076743564,0.1537194241348863,0.5923964031055795,0.8462805758651136,,,,,0.3607920121149414,0.5882842286970853,0.13062813598139916,,,,,,,,,,
SYN_healthy_noisy_015,SYNTH_TEST_BATCH_1,MLCC_X7R,leakage_ua,24.0,24.0,2,0.1064165494630709,0.0758718257070368,-0.030544723756034106,-0.28702982675297,-0.0012726968231680893,0.0,0.015272361878017053,0.7,-0.043635319651477295,-0.0018181383188115563,0.0,0.021817659825738647,0.108388322438624,0.6241281742929632,0.891611677561376,,,,,-2.050879651342494,-1.6952615717060677,0.1520236420901013,,,,,,,,,,
SYN_healthy_noisy_016,SYNTH_TEST_BATCH_1,MLCC_X7R,leakage_ua,24.0,24.0,2,0.0898517710784204,0.0835914224666038,-0.00626034861181661,-0.06967418156235042,-0.00026084785882569207,0.0,0.003130174305908305,0.7,-0.008943355159738015,-0.00037263979832241725,0.0,0.004471677579869007,0.119416317809434,0.6164085775333962,0.880583682190566,,,,,-1.4641764179040886,-0.5080186947056179,0.12835967296917203,,,,,,,,,,
SYN_healthy_noisy_017,SYNTH_TEST_BATCH_1,MLCC_X7R,leakage_ua,24.0,24.0,2,0.1093084518483979,0.0920470490939137,-0.017261402754484192,-0.15791462108002757,-0.0007192251147701752,0.0,0.008630701377242096,0.7,-0.024659146792120275,-0.0010274644496716789,0.0,0.012329573396060138,0.13149578441987672,0.6079529509060863,0.8685042155801233,,,,,-0.8215335911473111,-1.045851070165704,0.156154931211997,,,,,,,,,,
SYN_healthy_noisy_018,SYNTH_TEST_BATCH_1,MLCC_X7R,leakage_ua,24.0,24.0,2,0.1144641861846909,0.0820082586525789,-0.032455927532112,-0.28354657132444494,-0.0013523303138380006,0.0,0.016227963766056,0.7,-0.046365610760160006,-0.001931900448340001,0.0,0.023182805380080003,0.11715465521796986,0.6179917413474211,0.8828453447820301,,,,,-1.5844997142731578,-1.7886987326858967,0.16352026597812985,,,,,,,,,,
SYN_healthy_noisy_019,SYNTH_TEST_BATCH_1,MLCC_X7R,leakage_ua,24.0,24.0,2,0.1084921521339712,0.1075204705717709,-0.0009716815622003022,-0.008956238244775754,-4.04867317583465e-05,0.0,0.0004858407811001511,0.7,-0.0013881165174290033,-5.7838188226209295e-05,0.0,0.0006940582587145016,0.153600672245387,0.592479529428229,0.8463993277546129,,,,,0.3544742621337833,-0.24946016700230011,0.15498878876281602,,,,,,,,,,
SYN_healthy_stable_000,SYNTH_TEST_BATCH_1,MLCC_X7R,leakage_ua,24.0,24.0,2,0.1006094341595088,0.1018811294327824,0.0012716952732735876,0.012639920738023523,5.298730305306557e-05,0.0,0.0006358476366367938,0.7,0.0018167075332479823,7.56961472186651e-05,0.0,0.0009083537666239912,0.14554447061826056,0.5981188705672176,0.8544555293817394,,,,,-0.07412580387437409,-0.13978334177921475,0.1437277630850126,,,,,,,,,,
SYN_healthy_stable_001,SYNTH_TEST_BATCH_1,MLCC_X7R,leakage_ua,24.0,24.0,2,0.1004884590133435,0.0981826537537493,-0.0023058052595942014,-0.022945970932721955,-9.607521914975897e-05,0.0,0.0011529026297971007,0.7,-0.003294007513706002,-0.00013725031307108425,0.0,0.001647003756853001,0.14026093393392758,0.6018173462462506,0.8597390660660723,,,,,-0.3552166052809145,-0.3146843635221586,0.14355494144763356,,,,,,,,,,
SYN_healthy_stable_002,SYNTH_TEST_BATCH_1,MLCC_X7R,leakage_ua,24.0,24.0,2,0.1028919254657885,0.1022729247892849,-0.0006190006765035977,-0.006016027727165189,-2.579169485431715e-05,0.0,0.00030950033825179885,0.7,-0.0008842866807194254,-3.6845278363310216e-05,0.0,0.0004421433403597127,0.146104178270407,0.5977270752107151,0.8538958217295931,,,,,-0.044348652338408664,-0.23221789220992917,0.14698846495112644,,,,,,,,,,
SYN_healthy_stable_003,SYNTH_TEST_BATCH_1,MLCC_X7R,leakage_ua,24.0,24.0,2,0.0990842695873368,0.1016878051876133,0.0026035356002764992,0.026275973079476957,0.00010848065001152023,0.0,0.0013017678001382496,0.7,0.0037193365718235704,0.00015497235715931462,0.0,0.0018596682859117852,0.14526829312516187,0.5983121948123866,0.8547317068748381,,,,,-0.08881879410112073,-0.07467077733620218,0.1415489565533383,,,,,,,,,,
SYN_healthy_stable_004,SYNTH_TEST_BATCH_1,MLCC_X7R,leakage_ua,24.0,24.0,2,0.0989941682001279,0.1014603666479447,0.0024661984478168003,0.024912562958568443,0.00010275826865903219,0.0,0.0012330992239084002,0.7,0.0035231406397382863,0.0001467975266557603,0.0,0.0017615703198691432,0.14494338092563527,0.5985396333520553,0.8550566190743647,,,,,-0.1061045320467862,-0.08138507634686232,0.141420240285897,,,,,,,,,,
SYN_healthy_stable_005,SYNTH_TEST_BATCH_1,MLCC_X7R,leakage_ua,24.0,24.0,2,0.0986671261197778,0.0961198604823907,-0.0025472656373871083,-0.02581676124117402,-0.00010613606822446342,0.0,0.0012736328186935542,0.7,-0.003638950910553012,-0.00015162295460637633,0.0,0.001819475455276506,0.1373140864034153,0.6038801395176092,0.8626859135965846,,,,,-0.5119926027734256,-0.326489160306511,0.1409530373139683,,,,,,,,,,
SYN_healthy_stable_006,SYNTH_TEST_BATCH_1,MLCC_X7R,leakage_ua,24.0,24.0,2,0.0993847495478884,0.1028131159226361,0.0034283663747477072,0.03449589992774248,0.00014284859894782057,0.0,0.0017141831873738536,0.7,0.004897666249639582,0.0002040694270683151,0.0,0.002448833124819791,0.14687587988948014,0.5971868840773639,0.8531241201105199,,,,,-0.003293154948713022,-0.034345487683654315,0.14197821363984056,,,,,,,,,,
SYN_healthy_stable_007,SYNTH_TEST_BATCH_1,MLCC_X7R,leakage_ua,24.0,24.0,2,0.1011413120271603,0.0969612675303006,-0.0041800444968597,-0.041328754918041784,-0.0001741685207024881,0.0,0.00209002224842985,0.7,-0.0059714921383710005,-0.00024881217243212587,0.0,0.0029857460691855003,0.138516096471858,0.6030387324696993,0.8614839035281419,,,,,-0.44804415429587957,-0.4063143589831728,0.144487588610229,,,,,,,,,,
SYN_healthy_stable_008,SYNTH_TEST_BATCH_1,MLCC_X7R,leakage_ua,24.0,24.0,2,0.1009727628080644,0.0972254109108164,-0.003747351897247994,-0.03711250235245325,-0.00015613966238533424,0.0,0.001873675948623997,0.7,-0.00535335985321142,-0.0002230566605504775,0.0,0.00267667992660571,0.13889344415830915,0.6027745890891836,0.8611065558416908,,,,,-0.42796878245111136,-0.3851603781305046,0.14424680401152057,,,,,,,,,,
SYN_healthy_stable_009,SYNTH_TEST_BATCH_1,MLCC_X7R,leakage_ua,24.0,24.0,2,0.0988497783393788,0.1025049446994232,0.0036551663600443984,0.03697698084355025,0.00015229859833518268,0.0,0.0018275831800221992,0.7,0.005221666228634856,0.00021756942619311813,0.0,0.002610833114317428,0.1464356352848903,0.5974950553005768,0.8535643647151098,,,,,-0.02671472199981633,-0.023257425279404265,0.14121396905625544,,,,,,,,,,
SYN_healthy_stable_010,SYNTH_TEST_BATCH_1,MLCC_X7R,leakage_ua,24.0,24.0,2,0.0983480995481027,0.099811272587974,0.0014631730398712989,0.014877491752198541,6.096554332797021e-05,0.0,0.0007315865199356494,0.7,0.0020902471998161414,8.709363332567173e-05,0.0,0.0010451235999080707,0.1425875322685343,0.600188727412026,0.8574124677314657,,,,,-0.23143864564926217,-0.13042215323114467,0.14049728506871814,,,,,,,,,,
SYN_healthy_stable_011,SYNTH_TEST_BATCH_1,MLCC_X7R,leakage_ua,24.0,24.0,2,0.1002093633242646,0.0981428984800481,-0.0020664648442164923,-0.020621474637351783,-8.610270184235384e-05,0.0,0.0010332324221082462,0.7,-0.0029520926345949893,-0.0001230038597747912,0.0,0.0014760463172974947,0.14020414068578302,0.6018571015199519,0.859795859314217,,,,,-0.35823807756155013,-0.3029832099347997,0.143156233320378,,,,,,,,,,
SYN_healthy_stable_012,SYNTH_TEST_BATCH_1,MLCC_X7R,leakage_ua,24.0,24.0,2,0.0980575373476136,0.10349764490101,0.005440107553396398,0.05547872912728,0.00022667114805818267,0.0,0.002720053776698199,0.7,0.007771582219137711,0.00032381592579740383,0.0,0.0038857911095688557,0.1478537784300143,0.59650235509899,0.8521462215699858,,,,,0.04873227817984094,0.06400686318125423,0.1400821962108766,,,,,,,,,,
SYN_healthy_stable_013,SYNTH_TEST_BATCH_1,MLCC_X7R,leakage_ua,24.0,24.0,2,0.1016845226321814,0.1028997758447976,0.001215253212616202,0.011951211267540486,5.06355505256745e-05,0.0,0.000607626606308101,0.7,0.0017360760180231457,7.233650075096357e-05,0.0,0.0008680380090115729,0.1469996797782823,0.5971002241552024,0.8530003202217177,,,,,0.003293154948713022,-0.1425427471203345,0.14526360376025915,,,,,,,,,,
SYN_healthy_stable_014,SYNTH_TEST_BATCH_1,MLCC_X7R,leakage_ua,24.0,24.0,2,0.0983001185652975,0.1017586783923978,0.003458559827100305,0.035183679100070454,0.00014410665946251212,0.0,0.0017292799135501524,0.7,0.0049407997530004355,0.00020586665637501732,0.0,0.0024703998765002178,0.1453695405605683,0.5982413216076021,0.8546304594394316,,,,,-0.08343230310861231,-0.03286935494296037,0.14042874080756787,,,,,,,,,,
SYN_healthy_stable_015,SYNTH_TEST_BATCH_1,MLCC_X7R,leakage_ua,24.0,24.0,2,0.1006632936186429,0.1026677694453406,0.002004475826697702,0.019912678739596415,8.351982611240367e-05,0.0,0.001002237913348851,0.7,0.0028635368952824314,0.00011931403730343382,0.0,0.0014317684476412157,0.1466682420647723,0.5973322305546593,0.8533317579352276,,,,,-0.014339748553808832,-0.10395831077509668,0.14380470516948987,,,,,,,,,,
SYN_healthy_stable_016,SYNTH_TEST_BATCH_1,MLCC_X7R,leakage_ua,24.0,24.0,2,0.0988498653175675,0.0972059087433711,-0.0016439565741964007,-0.01663084283337145,-6.84981905915167e-05,0.0,0.0008219782870982004,0.7,-0.002348509391709144,-9.7854557987881e-05,0.0,0.001174254695854572,0.13886558391910156,0.6027940912566289,0.8611344160808985,,,,,-0.4294509822415397,-0.2823271324744505,0.14121409331081072,,,,,,,,,,
SYN_healthy_stable_017,SYNTH_TEST_BATCH_1,MLCC_X7R,leakage_ua,24.0,24.0,2,0.0979860085753808,0.0999675577131419,0.001981549137761107,0.020222776359307443,8.25645474067128e-05,0.0,0.0009907745688805536,0.7,0.002830784482515868,0.00011794935343816116,0.0,0.001415392241257934,0.14281079673305988,0.600032442286858,0.8571892032669401,,,,,-0.21956069513834953,-0.10507917750407415,0.13998001225054402,,,,,,,,,,
SYN_healthy_stable_018,SYNTH_TEST_BATCH_1,MLCC_X7R,leakage_ua,24.0,24.0,2,0.0978975512929522,0.0974975383704254,-0.0004000129225268101,-0.0040860360370996085,-1.666720510528491e-05,0.0,0.00020000646126340504,0.7,-0.0005714470321811573,-2.3810293007549875e-05,0.0,0.0002857235160905786,0.13928219767203628,0.6025024616295745,0.8607178023279637,,,,,-0.4072866062400152,-0.22151176328895675,0.13985364470421743,,,,,,,,,,
SYN_healthy_stable_019,SYNTH_TEST_BATCH_1,MLCC_X7R,leakage_ua,24.0,24.0,2,0.0988664724610744,0.0977412956710761,-0.0011251767899982945,-0.011380772085716903,-4.688236624992894e-05,0.0,0.0005625883949991473,0.7,-0.001607395414283278,-6.697480892846992e-05,0.0,0.000803697707141639,0.1396304223872516,0.6022587043289238,0.8603695776127483,,,,,-0.38876061311883947,-0.25696442085995413,0.14123781780153485,,,,,,,,,,
SYN_sudden_spike_fault_000,SYNTH_TEST_BATCH_1,MLCC_X7R,leakage_ua,24.0,24.0,2,0.0946133096083548,0.1031204896127221,0.008507180004367301,0.08991525652767227,0.00035446583351530304,0.0,0.004253590002183651,0.7,0.012153114291953288,0.0005063797621647187,0.0,0.006076557145976644,0.1473149851610316,0.5968795103872778,0.8526850148389684,,,,,0.020067798150794056,0.2139534810799882,0.1351618708690783,,,,,,,,,,
SYN_sudden_spike_fault_001,SYNTH_TEST_BATCH_1,MLCC_X7R,leakage_ua,24.0,24.0,2,0.0970326359489564,0.1005819232573978,0.0035492873084413956,0.036578283932309975,0.00014788697118505757,0.0,0.0017746436542206978,0.7,0.005070410440630566,0.0002112671016929394,0.0,0.002535205220315283,0.14368846179628258,0.5994180767426022,0.8563115382037174,,,,,-0.17286780915549443,-0.028433763937191794,0.13861805135565203,,,,,,,,,,
SYN_sudden_spike_fault_002,SYNTH_TEST_BATCH_1,MLCC_X7R,leakage_ua,24.0,24.0,2,0.0990981277554154,0.0964435720800928,-0.0026545556753226063,-0.026787142557065546,-0.00011060648647177526,0.0,0.0013272778376613031,0.7,-0.0037922223933180093,-0.00015800926638825038,0.0,0.0018961111966590046,0.13777653154298972,0.6035564279199072,0.8622234684570103,,,,,-0.48738993931979885,-0.3317344809110373,0.14156875393630772,,,,,,,,,,
SYN_sudden_spike_fault_003,SYNTH_TEST_BATCH_1,MLCC_X7R,leakage_ua,24.0,24.0,2,0.0924700674015756,0.098750225989395,0.006280158587819398,0.06791558354279291,0.0002616732744924746,0.0,0.003140079293909699,0.7,0.008971655125456285,0.00037381896356067807,0.0,0.004485827562728142,0.14107175141342143,0.601249774010605,0.8589282485865786,,,,,-0.3120800948860536,0.10507625866755552,0.13210009628796515,,,,,,,,,,
SYN_sudden_spike_fault_004,SYNTH_TEST_BATCH_1,MLCC_X7R,leakage_ua,24.0,24.0,2,0.1002007341269566,0.1026606160600392,0.0024598819330826083,0.024549540025983065,0.0001024950805451081,0.0,0.0012299409665413041,0.7,0.003514117047260869,0.00014642154363586873,0.0,0.0017570585236304345,0.14665802294291316,0.5973393839399608,0.8533419770570869,,,,,-0.014883418698387241,-0.08169388549188193,0.1431439058956523,,,,,,,,,,
SYN_sudden_spike_fault_005,SYNTH_TEST_BATCH_1,MLCC_X7R,leakage_ua,24.0,24.0,2,0.0951657247383978,0.0985490931254875,0.0033833683870897052,0.03555238397427527,0.00014097368279540322,0.0,0.0016916841935448528,0.7,0.00483338341012815,0.0002013909754220046,0.0,0.0024166917050640756,0.14078441875069644,0.6014509068745124,0.8592155812493035,,,,,-0.32736655417669047,-0.03654540182635174,0.1359510353405683,,,,,,,,,,
SYN_sudden_spike_fault_006,SYNTH_TEST_BATCH_1,MLCC_X7R,leakage_ua,24.0,24.0,2,0.1010275612165997,0.1016851153672991,0.000657554150699402,0.0065086610305244135,2.7398089612474506e-05,0.0,0.000328777075349701,0.7,0.0009393630724277173,3.9140128017820724e-05,0.0,0.00046968153621385864,0.145264450524713,0.5983148846327009,0.8547355494752871,,,,,-0.0890232252812542,-0.16980818981088747,0.14432508745228528,,,,,,,,,,
SYN_sudden_spike_fault_007,SYNTH_TEST_BATCH_1,MLCC_X7R,leakage_ua,24.0,24.0,2,0.1001184840645301,0.0992577299733232,-0.0008607540912068945,-0.008597354417113491,-3.5864753800288425e-05,0.0,0.00043037704560344725,0.7,-0.001229648701724135,-5.123536257184061e-05,0.0,0.0006148243508620675,0.14179675710474743,0.6007422700266768,0.8582032428952526,,,,,-0.2735088796234763,-0.24403701532479277,0.14302640580647158,,,,,,,,,,
SYN_sudden_spike_fault_008,SYNTH_TEST_BATCH_1,MLCC_X7R,leakage_ua,24.0,24.0,2,0.1007047515177276,0.1006343695496671,-7.038196806050112e-05,-0.0006988942130313622,-2.9325820025220364e-06,0.0,3.519098403025056e-05,0.7,-0.00010054566865785874,-4.189402860745767e-06,0.0,5.027283432892937e-05,0.14376338507095301,0.5993656304503329,0.856236614929047,,,,,-0.16888179664543398,-0.20539638043867278,0.14386393073961087,,,,,,,,,,
SYN_sudden_spike_fault_009,SYNTH_TEST_BATCH_1,MLCC_X7R,leakage_ua,24.0,24.0,2,0.0997896286589656,0.0987304221007217,-0.0010592065582439025,-0.010614395228022908,-4.4133606593496515e-05,0.0,0.0005296032791219513,0.7,-0.001513152226062718,-6.304800941928074e-05,0.0,0.000756576113031359,0.14104346014388813,0.6012695778992783,0.8589565398561119,,,,,-0.313585226032299,-0.2537391911688742,0.14255661236995085,,,,,,,,,,
SYN_sudden_spike_fault_010,SYNTH_TEST_BATCH_1,MLCC_X7R,leakage_ua,24.0,24.0,2,0.1008253344430152,0.0995062370822977,-0.0013190973607175027,-0.01308299514208936,-5.496239002989652e-05,0.0,0.0006595486803587514,0.7,-0.001884424801025004,-7.851770004270933e-05,0.0,0.000942212400512502,0.14215176726042528,0.6004937629177023,0.8578482327395748,,,,,-0.2546218925296139,-0.26644503606718045,0.1440361920614503,,,,,,,,,,
SYN_sudden_spike_fault_011,SYNTH_TEST_BATCH_1,MLCC_X7R,leakage_ua,24.0,24.0,2,0.0958019433994569,0.0963108731406129,0.0005089297411560029,0.005312311244396823,2.120540588149954e-05,0.0,0.00025446487057800143,0.7,0.0007270424873657184,3.0293436973570775e-05,0.0,0.0003635212436828592,0.137586961629447,0.603689126859387,0.8624130383705529,,,,,-0.4974752973108385,-0.17707431342044694,0.1368599191420813,,,,,,,,,,
SYN_sudden_spike_fault_012,SYNTH_TEST_BATCH_1,MLCC_X7R,leakage_ua,24.0,24.0,2,0.1031731170460759,0.0986826269657195,-0.004490490080356402,-0.043523838466089974,-0.00018710375334818398,0.0,0.002245245040178201,0.7,-0.006414985829080575,-0.00026729107621169143,0.0,0.0032074929145402874,0.1409751813795993,0.6013173730342805,0.8590248186204007,,,,,-0.3172177422273528,-0.42149178502415,0.14739016720867987,,,,,,,,,,
SYN_sudden_spike_fault_013,SYNTH_TEST_BATCH_1,MLCC_X7R,leakage_ua,24.0,24.0,2,0.1009887903835469,0.0961219198171164,-0.004866870566430495,-0.04819218596387313,-0.00020278627360127122,0.0,0.0024334352832152475,0.7,-0.006952672237757851,-0.0002896946765732446,0.0,0.0034763361188789254,0.1373170283101663,0.6038780801828836,0.8626829716898338,,,,,-0.5118360896316213,-0.4398927135421662,0.14426970054792415,,,,,,,,,,
SYN_sudden_spike_fault_014,SYNTH_TEST_BATCH_1,MLCC_X7R,leakage_ua,24.0,24.0,2,0.1001176413783897,0.1047242424470602,0.004606601068670502,0.04601188167487965,0.00019194171119460307,0.0,0.002303300534335251,0.7,0.006580858669529288,0.0002742024445637187,0.0,0.003290429334764644,0.14960606063865745,0.5952757575529397,0.8503939393613424,,,,,0.14195589708239506,0.023257425279404265,0.14302520196912816,,,,,,,,,,
SYN_sudden_spike_fault_015,SYNTH_TEST_BATCH_1,MLCC_X7R,leakage_ua,24.0,24.0,2,0.0974803604548514,0.1000187512755697,0.0025383908207183004,0.02604002292229901,0.00010576628419659527,0.0,0.0012691954103591502,0.7,0.0036262726010261436,0.0001510946917094218,0.0,0.0018131363005130718,0.142883930393671,0.5999812487244303,0.857116069606329,,,,,-0.21566989234863232,-0.0778556513568398,0.13925765779264485,,,,,,,,,,
SYN_sudden_spike_fault_016,SYNTH_TEST_BATCH_1,MLCC_X7R,leakage_ua,24.0,24.0,2,0.0949860517399111,0.0967829281607351,0.0017968764208239896,0.01891726614497211,7.486985086766623e-05,0.0,0.0008984382104119948,0.7,0.0025669663154628424,0.00010695692981095177,0.0,0.0012834831577314212,0.13826132594390728,0.6032170718392649,0.8617386740560927,,,,,-0.46159826703418744,-0.11410767284141951,0.13569435962844445,,,,,,,,,,
SYN_sudden_spike_fault_017,SYNTH_TEST_BATCH_1,MLCC_X7R,leakage_ua,24.0,24.0,2,0.0973830842597477,0.0971846822250319,-0.00019840203471579998,-0.0020373357059282155,-8.266751446491666e-06,0.0,9.920101735789999e-05,0.7,-0.00028343147816542853,-1.1809644923559523e-05,0.0,0.00014171573908271427,0.13883526032147417,0.602815317774968,0.8611647396785258,,,,,-0.4310642358002581,-0.2116551748835356,0.1391186917996396,,,,,,,,,,
SYN_sudden_spike_fault_018,SYNTH_TEST_BATCH_1,MLCC_X7R,leakage_ua,24.0,24.0,2,0.0964717980801669,0.1074178979768466,0.010946099896679704,0.11346424669708785,0.0004560874956949865,0.0,0.005473049948339852,0.7,0.015637285566685293,0.0006515535652785522,0.0,0.007818642783342647,0.15345413996692372,0.5925821020231533,0.8465458600330762,,,,,0.34667856049565404,0.3331902435054808,0.13781685440023844,,,,,,,,,,
SYN_sudden_spike_fault_019,SYNTH_TEST_BATCH_1,MLCC_X7R,leakage_ua,24.0,24.0,2,0.0965446796556009,0.0983959778422665,0.0018512981866656009,0.019175558852850785,7.713742444440004e-05,0.0,0.0009256490933328004,0.7,0.002644711695236573,0.0001101963206348572,0.0,0.0013223558476182864,0.1405656826318093,0.6016040221577335,0.8594343173681906,,,,,-0.33900359100031274,-0.11144703803136037,0.1379209709365727,,,,,,,,,,
